word,level
a,A1
an,A1
about,A1
above,A1
across,A1
action,A1
activity,A1
actor,A1
actress,A1
add,A1
address,A1
adult,A1
advice,A1
afraid,A1
after,A1
afternoon,A1
again,A1
age,A1
ago,A1
agree,A1
air,A1
airport,A1
all,A1
also,A1
always,A1
amazing,A1
and,A1
angry,A1
animal,A1
another,A1
answer,A1
any,A1
anyone,A1
anything,A1
apartment,A1
apple,A1
April,A1
area,A1
arm,A1
around,A1
arrive,A1
art,A1
article,A1
artist,A1
as,A1
ask,A1
at,A1
August,A1
aunt,A1
autumn,A1
away,A1
baby,A1
back,A1
bad,A1
bag,A1
ball,A1
banana,A1
band,A1
bank,A1
bath,A1
bathroom,A1
be,A1
beach,A1
beautiful,A1
because,A1
become,A1
bed,A1
bedroom,A1
beer,A1
before,A1
begin,A1
beginning,A1
behind,A1
believe,A1
below,A1
best,A1
better,A1
between,A1
bicycle,A1
big,A1
bike,A1
bill,A1
bird,A1
birthday,A1
black,A1
blog,A1
blonde,A1
blue,A1
boat,A1
body,A1
book,A1
boot,A1
bored,A1
boring,A1
born,A1
both,A1
bottle,A1
box,A1
boy,A1
boyfriend,A1
bread,A1
break,A1
breakfast,A1
bring,A1
brother,A1
brown,A1
build,A1
building,A1
bus,A1
business,A1
busy,A1
but,A1
butter,A1
buy,A1
by,A1
bye,A1
cafe,A1
cake,A1
call,A1
camera,A1
can,A1
cannot,A1
capital,A1
car,A1
card,A1
career,A1
carrot,A1
carry,A1
cat,A1
CD,A1
cent,A1
centre,A1
century,A1
chair,A1
change,A1
chart,A1
cheap,A1
check,A1
cheese,A1
chicken,A1
child,A1
chocolate,A1
choose,A1
cinema,A1
city,A1
class,A1
classroom,A1
clean,A1
climb,A1
clock,A1
close,A1
clothes,A1
club,A1
coat,A1
coffee,A1
cold,A1
college,A1
colour,A1
come,A1
common,A1
company,A1
compare,A1
complete,A1
computer,A1
concert,A1
conversation,A1
cook,A1
cooking,A1
cool,A1
correct,A1
cost,A1
could,A1
country,A1
course,A1
cousin,A1
cow,A1
cream,A1
create,A1
culture,A1
cup,A1
customer,A1
cut,A1
dad,A1
dance,A1
dancer,A1
dancing,A1
dangerous,A1
dark,A1
date,A1
daughter,A1
day,A1
dear,A1
December,A1
decide,A1
delicious,A1
describe,A1
description,A1
design,A1
desk,A1
detail,A1
dialogue,A1
dictionary,A1
die,A1
diet,A1
difference,A1
different,A1
difficult,A1
dinner,A1
dirty,A1
discuss,A1
dish,A1
do,A1
doctor,A1
dog,A1
dollar,A1
door,A1
down,A1
downstairs,A1
draw,A1
dress,A1
drink,A1
drive,A1
driver,A1
during,A1
DVD,A1
each,A1
ear,A1
early,A1
east,A1
easy,A1
eat,A1
egg,A1
eight,A1
number,A1
eighteen,A1
number,A1
eighty,A1
number,A1
elephant,A1
eleven,A1
number,A1
else,A1
email,A1
end,A1
enjoy,A1
enough,A1
euro,A1
even,A1
evening,A1
event,A1
ever,A1
every,A1
everybody,A1
everyone,A1
everything,A1
exam,A1
example,A1
excited,A1
exciting,A1
exercise,A1
expensive,A1
explain,A1
extra,A1
eye,A1
face,A1
fact,A1
fall,A1
false,A1
family,A1
famous,A1
fantastic,A1
far,A1
farm,A1
farmer,A1
fast,A1
fat,A1
father,A1
favourite,A1
February,A1
feel,A1
feeling,A1
festival,A1
few,A1
fifteen,A1
number,A1
fifth,A1
number,A1
fifty,A1
number,A1
fill,A1
film,A1
final,A1
find,A1
fine,A1
finish,A1
fire,A1
first,A1
det./number,A1
fish,A1
five,A1
number,A1
flat,A1
flight,A1
floor,A1
flower,A1
fly,A1
follow,A1
food,A1
foot,A1
football,A1
for,A1
forget,A1
form,A1
forty,A1
number,A1
four,A1
number,A1
fourteen,A1
number,A1
fourth,A1
number,A1
free,A1
Friday,A1
friend,A1
friendly,A1
from,A1
front,A1
fruit,A1
full,A1
fun,A1
funny,A1
future,A1
game,A1
garden,A1
geography,A1
get,A1
girl,A1
girlfriend,A1
give,A1
glass,A1
go,A1
good,A1
goodbye,A1
grandfather,A1
grandmother,A1
grandparent,A1
great,A1
green,A1
grey,A1
group,A1
grow,A1
guess,A1
guitar,A1
gym,A1
hair,A1
half,A1
hand,A1
happen,A1
happy,A1
hard,A1
hat,A1
hate,A1
have,A1
have,A1
to,A1
he,A1
head,A1
health,A1
healthy,A1
hear,A1
hello,A1
help,A1
her,A1
here,A1
hey,A1
hi,A1
high,A1
him,A1
his,A1
history,A1
hobby,A1
holiday,A1
home,A1
homework,A1
hope,A1
horse,A1
hospital,A1
hot,A1
hotel,A1
hour,A1
house,A1
how,A1
however,A1
hundred,A1
number,A1
hungry,A1
husband,A1
I,A1
ice,A1
ice,A1
cream,A1
idea,A1
if,A1
imagine,A1
important,A1
improve,A1
in,A1
include,A1
information,A1
interest,A1
interested,A1
interesting,A1
internet,A1
interview,A1
into,A1
introduce,A1
island,A1
it,A1
its,A1
jacket,A1
January,A1
jeans,A1
job,A1
join,A1
journey,A1
juice,A1
July,A1
June,A1
just,A1
keep,A1
key,A1
kilometre,A1
kind,A1
kitchen,A1
know,A1
land,A1
language,A1
large,A1
last,A1
late,A1
later,A1
laugh,A1
learn,A1
leave,A1
left,A1
leg,A1
lesson,A1
let,A1
letter,A1
library,A1
lie,A1
life,A1
light,A1
like,A1
like,A1
line,A1
lion,A1
list,A1
listen,A1
little,A1
live,A1
local,A1
long,A1
look,A1
lose,A1
lot,A1
love,A1
lunch,A1
machine,A1
magazine,A1
main,A1
make,A1
man,A1
many,A1
map,A1
March,A1
market,A1
married,A1
match,A1
May,A1
maybe,A1
me,A1
meal,A1
mean,A1
meaning,A1
meat,A1
meet,A1
meeting,A1
member,A1
menu,A1
message,A1
metre,A1
midnight,A1
mile,A1
milk,A1
million,A1
number,A1
minute,A1
miss,A1
mistake,A1
model,A1
modern,A1
moment,A1
Monday,A1
money,A1
month,A1
more,A1
morning,A1
most,A1
mother,A1
mountain,A1
mouse,A1
mouth,A1
move,A1
movie,A1
much,A1
mum,A1
museum,A1
music,A1
must,A1
my,A1
name,A1
natural,A1
near,A1
need,A1
negative,A1
neighbour,A1
never,A1
new,A1
news,A1
newspaper,A1
next,A1
next,A1
to,A1
nice,A1
night,A1
nine,A1
number,A1
nineteen,A1
number,A1
ninety,A1
number,A1
no,A1
no,A1
one,A1
nobody,A1
north,A1
nose,A1
not,A1
note,A1
nothing,A1
November,A1
now,A1
number,A1
nurse,A1
object,A1
o’clock,A1
October,A1
of,A1
off,A1
office,A1
often,A1
oh,A1
OK,A1
old,A1
on,A1
once,A1
one,A1
onion,A1
online,A1
only,A1
open,A1
opinion,A1
opposite,A1
or,A1
orange,A1
order,A1
other,A1
our,A1
out,A1
outside,A1
over,A1
own,A1
page,A1
paint,A1
painting,A1
pair,A1
paper,A1
paragraph,A1
parent,A1
park,A1
part,A1
partner,A1
party,A1
passport,A1
past,A1
pay,A1
pen,A1
pencil,A1
people,A1
pepper,A1
perfect,A1
period,A1
person,A1
personal,A1
phone,A1
photo,A1
photograph,A1
phrase,A1
piano,A1
picture,A1
piece,A1
pig,A1
pink,A1
place,A1
plan,A1
plane,A1
plant,A1
play,A1
player,A1
please,A1
point,A1
police,A1
policeman,A1
pool,A1
poor,A1
popular,A1
positive,A1
possible,A1
post,A1
potato,A1
pound,A1
practice,A1
practise,A1
prefer,A1
prepare,A1
present,A1
pretty,A1
price,A1
probably,A1
problem,A1
product,A1
programme,A1
project,A1
purple,A1
put,A1
quarter,A1
question,A1
quick,A1
quickly,A1
quiet,A1
quite,A1
radio,A1
rain,A1
read,A1
reader,A1
reading,A1
ready,A1
real,A1
really,A1
reason,A1
red,A1
relax,A1
remember,A1
repeat,A1
report,A1
restaurant,A1
result,A1
return,A1
rice,A1
rich,A1
ride,A1
right,A1
river,A1
road,A1
room,A1
routine,A1
rule,A1
run,A1
sad,A1
salad,A1
salt,A1
same,A1
sandwich,A1
Saturday,A1
say,A1
school,A1
science,A1
scientist,A1
sea,A1
second,A1
det./,A1
number,A1
second,A1
section,A1
see,A1
sell,A1
send,A1
sentence,A1
September,A1
seven,A1
number,A1
seventeen,A1
number,A1
seventy,A1
number,A1
share,A1
she,A1
sheep,A1
shirt,A1
shoe,A1
shop,A1
shopping,A1
short,A1
should,A1
show,A1
shower,A1
sick,A1
similar,A1
sing,A1
singer,A1
sister,A1
sit,A1
situation,A1
six,A1
number,A1
sixteen,A1
number,A1
sixty,A1
number,A1
skill,A1
skirt,A1
sleep,A1
slow,A1
small,A1
snake,A1
snow,A1
so,A1
some,A1
somebody,A1
someone,A1
something,A1
sometimes,A1
son,A1
song,A1
soon,A1
sorry,A1
sound,A1
soup,A1
south,A1
space,A1
speak,A1
special,A1
spell,A1
spelling,A1
spend,A1
sport,A1
spring,A1
stand,A1
star,A1
start,A1
statement,A1
station,A1
stay,A1
still,A1
stop,A1
story,A1
street,A1
strong,A1
student,A1
study,A1
style,A1
subject,A1
success,A1
sugar,A1
summer,A1
sun,A1
Sunday,A1
supermarket,A1
sure,A1
sweater,A1
swim,A1
swimming,A1
table,A1
take,A1
talk,A1
tall,A1
taxi,A1
tea,A1
teach,A1
teacher,A1
team,A1
teenager,A1
telephone,A1
television,A1
tell,A1
ten,A1
number,A1
tennis,A1
terrible,A1
test,A1
text,A1
than,A1
thank,A1
thanks,A1
that,A1
the,A1
definite,A1
article,A1
theatre,A1
their,A1
them,A1
then,A1
there,A1
they,A1
thing,A1
think,A1
third,A1
number,A1
thirsty,A1
thirteen,A1
number,A1
thirty,A1
number,A1
this,A1
thousand,A1
number,A1
three,A1
number,A1
through,A1
Thursday,A1
ticket,A1
time,A1
tired,A1
title,A1
to,A1
infinitive,A1
marker,A1
today,A1
together,A1
toilet,A1
tomato,A1
tomorrow,A1
tonight,A1
too,A1
tooth,A1
topic,A1
tourist,A1
town,A1
traffic,A1
train,A1
travel,A1
tree,A1
trip,A1
trousers,A1
true,A1
try,A1
T-shirt,A1
Tuesday,A1
turn,A1
TV,A1
twelve,A1
number,A1
twenty,A1
number,A1
twice,A1
two,A1
number,A1
type,A1
umbrella,A1
uncle,A1
under,A1
understand,A1
university,A1
until,A1
up,A1
upstairs,A1
us,A1
use,A1
useful,A1
usually,A1
vacation,A1
vegetable,A1
very,A1
video,A1
village,A1
visit,A1
visitor,A1
wait,A1
waiter,A1
wake,A1
walk,A1
wall,A1
want,A1
warm,A1
wash,A1
watch,A1
water,A1
way,A1
we,A1
wear,A1
weather,A1
website,A1
Wednesday,A1
week,A1
weekend,A1
welcome,A1
well,A1
west,A1
what,A1
when,A1
where,A1
which,A1
white,A1
who,A1
why,A1
wife,A1
will,A1
win,A1
window,A1
wine,A1
winter,A1
with,A1
without,A1
woman,A1
wonderful,A1
word,A1
work,A1
worker,A1
world,A1
would,A1
write,A1
writer,A1
writing,A1
wrong,A1
yeah,A1
year,A1
yellow,A1
yes,A1
yesterday,A1
you,A1
young,A1
your,A1
yourself,A1
ability,A2
able,A2
abroad,A2
accept,A2
accident,A2
according,A2
to,A2
achieve,A2
act,A2
active,A2
actually,A2
adult,A2
advantage,A2
adventure,A2
advertise,A2
advertisement,A2
advertising,A2
affect,A2
after,A2
against,A2
ah,A2
airline,A2
alive,A2
all,A2
all,A2
right,A2
allow,A2
almost,A2
alone,A2
along,A2
already,A2
alternative,A2
although,A2
among,A2
amount,A2
ancient,A2
ankle,A2
any,A2
anybody,A2
any,A2
more,A2
anyway,A2
anywhere,A2
app,A2
appear,A2
appearance,A2
apply,A2
architect,A2
architecture,A2
argue,A2
argument,A2
army,A2
arrange,A2
arrangement,A2
as,A2
asleep,A2
assistant,A2
athlete,A2
attack,A2
attend,A2
attention,A2
attractive,A2
audience,A2
author,A2
available,A2
average,A2
avoid,A2
award,A2
awful,A2
back,A2
background,A2
badly,A2
bar,A2
baseball,A2
based,A2
basketball,A2
bean,A2
bear,A2
beat,A2
beef,A2
before,A2
behave,A2
behaviour,A2
belong,A2
belt,A2
benefit,A2
best,A2
better,A2
between,A2
billion,A2
number,A2
bin,A2
biology,A2
birth,A2
biscuit,A2
bit,A2
blank,A2
blood,A2
blow,A2
board,A2
boil,A2
bone,A2
book,A2
borrow,A2
boss,A2
bottom,A2
bowl,A2
brain,A2
bridge,A2
bright,A2
brilliant,A2
broken,A2
brush,A2
burn,A2
businessman,A2
button,A2
camp,A2
camping,A2
can,A2
care,A2
careful,A2
carefully,A2
carpet,A2
cartoon,A2
case,A2
cash,A2
castle,A2
catch,A2
cause,A2
celebrate,A2
celebrity,A2
certain,A2
certainly,A2
chance,A2
character,A2
charity,A2
chat,A2
check,A2
chef,A2
chemistry,A2
chip,A2
choice,A2
church,A2
cigarette,A2
circle,A2
classical,A2
clear,A2
clearly,A2
clever,A2
climate,A2
close,A2
closed,A2
clothing,A2
cloud,A2
coach,A2
coast,A2
code,A2
colleague,A2
collect,A2
column,A2
comedy,A2
comfortable,A2
comment,A2
communicate,A2
community,A2
compete,A2
competition,A2
complain,A2
completely,A2
condition,A2
conference,A2
connect,A2
connected,A2
consider,A2
contain,A2
context,A2
continent,A2
continue,A2
control,A2
cook,A2
cooker,A2
copy,A2
corner,A2
correctly,A2
count,A2
couple,A2
cover,A2
crazy,A2
creative,A2
credit,A2
crime,A2
criminal,A2
cross,A2
crowd,A2
crowded,A2
cry,A2
cupboard,A2
curly,A2
cycle,A2
daily,A2
danger,A2
dark,A2
data,A2
dead,A2
deal,A2
dear,A2
death,A2
decision,A2
deep,A2
definitely,A2
degree,A2
dentist,A2
department,A2
depend,A2
desert,A2
designer,A2
destroy,A2
detective,A2
develop,A2
device,A2
diary,A2
differently,A2
digital,A2
direct,A2
direction,A2
director,A2
disagree,A2
disappear,A2
disaster,A2
discover,A2
discovery,A2
discussion,A2
disease,A2
distance,A2
divorced,A2
document,A2
double,A2
download,A2
downstairs,A2
drama,A2
drawing,A2
dream,A2
drive,A2
driving,A2
drop,A2
drug,A2
dry,A2
earn,A2
earth,A2
easily,A2
education,A2
effect,A2
either,A2
electric,A2
electrical,A2
electricity,A2
electronic,A2
employ,A2
employee,A2
employer,A2
empty,A2
ending,A2
energy,A2
engine,A2
engineer,A2
enormous,A2
enter,A2
environment,A2
equipment,A2
error,A2
especially,A2
essay,A2
everyday,A2
everywhere,A2
evidence,A2
exact,A2
exactly,A2
excellent,A2
except,A2
exist,A2
expect,A2
experience,A2
experiment,A2
expert,A2
explanation,A2
express,A2
expression,A2
extreme,A2
extremely,A2
factor,A2
factory,A2
fail,A2
fair,A2
fall,A2
fan,A2
farm,A2
farming,A2
fashion,A2
fat,A2
fear,A2
feature,A2
feed,A2
female,A2
fiction,A2
field,A2
fight,A2
figure,A2
film,A2
final,A2
finally,A2
finger,A2
finish,A2
first,A2
firstly,A2
fish,A2
fishing,A2
fit,A2
fix,A2
flat,A2
flu,A2
fly,A2
flying,A2
focus,A2
following,A2
foreign,A2
forest,A2
fork,A2
formal,A2
fortunately,A2
forward,A2
free,A2
fresh,A2
fridge,A2
frog,A2
fun,A2
furniture,A2
further,A2
future,A2
gallery,A2
gap,A2
gas,A2
gate,A2
general,A2
gift,A2
goal,A2
god,A2
gold,A2
golf,A2
good,A2
government,A2
grass,A2
greet,A2
ground,A2
guest,A2
guide,A2
gun,A2
guy,A2
habit,A2
half,A2
hall,A2
happily,A2
have,A2
headache,A2
heart,A2
heat,A2
heavy,A2
height,A2
helpful,A2
hero,A2
hers,A2
herself,A2
hide,A2
high,A2
hill,A2
himself,A2
his,A2
hit,A2
hockey,A2
hold,A2
hole,A2
home,A2
hope,A2
huge,A2
human,A2
hurt,A2
ideal,A2
identify,A2
ill,A2
illness,A2
image,A2
immediately,A2
impossible,A2
included,A2
including,A2
increase,A2
incredible,A2
independent,A2
individual,A2
industry,A2
informal,A2
injury,A2
insect,A2
inside,A2
instead,A2
instruction,A2
instructor,A2
instrument,A2
intelligent,A2
international,A2
introduction,A2
invent,A2
invention,A2
invitation,A2
invite,A2
involve,A2
item,A2
itself,A2
jam,A2
jazz,A2
jewellery,A2
joke,A2
journalist,A2
jump,A2
kid,A2
kill,A2
king,A2
knee,A2
knife,A2
knock,A2
knowledge,A2
lab,A2
lady,A2
lake,A2
lamp,A2
land,A2
laptop,A2
last,A2
last,A2
later,A2
laughter,A2
law,A2
lawyer,A2
lazy,A2
lead,A2
leader,A2
learning,A2
least,A2
lecture,A2
lemon,A2
lend,A2
less,A2
level,A2
lifestyle,A2
lift,A2
light,A2
light,A2
likely,A2
link,A2
listener,A2
little,A2
lock,A2
look,A2
lorry,A2
lost,A2
loud,A2
loudly,A2
lovely,A2
low,A2
luck,A2
lucky,A2
mail,A2
major,A2
male,A2
manage,A2
manager,A2
manner,A2
mark,A2
marry,A2
material,A2
mathematics,A2
maths,A2
matter,A2
may,A2
media,A2
medical,A2
medicine,A2
memory,A2
mention,A2
metal,A2
method,A2
middle,A2
might,A2
mind,A2
mine,A2
mirror,A2
missing,A2
mobile,A2
monkey,A2
moon,A2
mostly,A2
motorcycle,A2
movement,A2
musical,A2
musician,A2
myself,A2
narrow,A2
national,A2
nature,A2
nearly,A2
necessary,A2
neck,A2
need,A2
neither,A2
nervous,A2
network,A2
noise,A2
noisy,A2
none,A2
normal,A2
normally,A2
notice,A2
novel,A2
nowhere,A2
number,A2
nut,A2
ocean,A2
offer,A2
officer,A2
oil,A2
onto,A2
opportunity,A2
option,A2
ordinary,A2
organization,A2
organize,A2
original,A2
ourselves,A2
outside,A2
oven,A2
own,A2
owner,A2
pack,A2
pain,A2
painter,A2
palace,A2
pants,A2
parking,A2
particular,A2
pass,A2
passenger,A2
past,A2
patient,A2
pattern,A2
pay,A2
peace,A2
penny,A2
per,A2
per,A2
cent,A2
perform,A2
perhaps,A2
permission,A2
personality,A2
pet,A2
petrol,A2
photograph,A2
physical,A2
physics,A2
pick,A2
pilot,A2
planet,A2
plant,A2
plastic,A2
plate,A2
platform,A2
please,A2
pleased,A2
pocket,A2
polite,A2
pollution,A2
pop,A2
population,A2
position,A2
possession,A2
possibility,A2
poster,A2
power,A2
predict,A2
present,A2
president,A2
prevent,A2
print,A2
printer,A2
prison,A2
prize,A2
process,A2
produce,A2
professional,A2
professor,A2
profile,A2
program,A2
progress,A2
promise,A2
pronounce,A2
protect,A2
provide,A2
pub,A2
public,A2
publish,A2
pull,A2
purpose,A2
push,A2
quality,A2
quantity,A2
queen,A2
question,A2
quietly,A2
race,A2
railway,A2
raise,A2
rate,A2
rather,A2
reach,A2
react,A2
realize,A2
receive,A2
recent,A2
recently,A2
reception,A2
recipe,A2
recognize,A2
recommend,A2
record,A2
recording,A2
recycle,A2
reduce,A2
refer,A2
refuse,A2
region,A2
regular,A2
relationship,A2
remove,A2
repair,A2
replace,A2
reply,A2
report,A2
reporter,A2
request,A2
research,A2
researcher,A2
respond,A2
response,A2
rest,A2
rest,A2
review,A2
ride,A2
ring,A2
ring,A2
rise,A2
rock,A2
rock,A2
role,A2
roof,A2
round,A2
route,A2
rubbish,A2
rude,A2
run,A2
runner,A2
running,A2
sadly,A2
safe,A2
sail,A2
sailing,A2
salary,A2
sale,A2
sauce,A2
save,A2
scared,A2
scary,A2
scene,A2
schedule,A2
score,A2
screen,A2
search,A2
season,A2
seat,A2
second,A2
secondly,A2
secret,A2
secretary,A2
seem,A2
sense,A2
separate,A2
series,A2
serious,A2
serve,A2
service,A2
several,A2
shake,A2
shall,A2
shape,A2
sheet,A2
ship,A2
shoulder,A2
shout,A2
shut,A2
side,A2
sign,A2
silver,A2
simple,A2
since,A2
singing,A2
single,A2
sir,A2
site,A2
size,A2
ski,A2
skiing,A2
skin,A2
sky,A2
sleep,A2
slowly,A2
smartphone,A2
smell,A2
smile,A2
smoke,A2
smoking,A2
soap,A2
soccer,A2
social,A2
society,A2
sock,A2
soft,A2
soldier,A2
solution,A2
solve,A2
somewhere,A2
sort,A2
source,A2
speaker,A2
specific,A2
speech,A2
speed,A2
spider,A2
spoon,A2
square,A2
stage,A2
stair,A2
stamp,A2
star,A2
start,A2
state,A2
stay,A2
steal,A2
step,A2
stomach,A2
stone,A2
store,A2
storm,A2
straight,A2
strange,A2
strategy,A2
stress,A2
structure,A2
stupid,A2
succeed,A2
successful,A2
such,A2
suddenly,A2
suggest,A2
suggestion,A2
suit,A2
support,A2
suppose,A2
sure,A2
surprise,A2
surprised,A2
surprising,A2
survey,A2
sweet,A2
symbol,A2
system,A2
tablet,A2
talk,A2
target,A2
task,A2
taste,A2
teaching,A2
technology,A2
teenage,A2
temperature,A2
term,A2
text,A2
themselves,A2
thick,A2
thief,A2
thin,A2
thinking,A2
third,A2
thought,A2
throw,A2
tidy,A2
tie,A2
tip,A2
tool,A2
top,A2
touch,A2
tour,A2
tourism,A2
towards,A2
towel,A2
tower,A2
toy,A2
track,A2
tradition,A2
traditional,A2
train,A2
trainer,A2
training,A2
transport,A2
traveller,A2
trouble,A2
truck,A2
twin,A2
typical,A2
underground,A2
understanding,A2
unfortunately,A2
unhappy,A2
uniform,A2
unit,A2
united,A2
unusual,A2
upstairs,A2
use,A2
used,A2
to,A2
user,A2
usual,A2
valley,A2
van,A2
variety,A2
vehicle,A2
view,A2
virus,A2
voice,A2
wait,A2
war,A2
wash,A2
washing,A2
wave,A2
weak,A2
web,A2
wedding,A2
weight,A2
welcome,A2
wet,A2
wheel,A2
while,A2
whole,A2
whose,A2
wide,A2
wild,A2
wind,A2
winner,A2
wish,A2
wood,A2
wooden,A2
working,A2
worried,A2
worry,A2
worse,A2
worst,A2
wow,A2
yet,A2
yours,A2
zero,A2
number,A2
absolutely,B1
academic,B1
access,B1
accommodation,B1
account,B1
achievement,B1
act,B1
ad,B1
addition,B1
admire,B1
admit,B1
advanced,B1
advise,B1
afford,B1
age,B1
aged,B1
agent,B1
agreement,B1
ahead,B1
aim,B1
alarm,B1
album,B1
alcohol,B1
alcoholic,B1
alternative,B1
amazed,B1
ambition,B1
ambitious,B1
analyse,B1
analysis,B1
announce,B1
announcement,B1
annoy,B1
annoyed,B1
annoying,B1
apart,B1
apologize,B1
application,B1
appointment,B1
appreciate,B1
approximately,B1
arrest,B1
arrival,B1
assignment,B1
assist,B1
atmosphere,B1
attach,B1
attitude,B1
attract,B1
attraction,B1
authority,B1
average,B1
award,B1
aware,B1
backwards,B1
bake,B1
balance,B1
ban,B1
bank,B1
base,B1
basic,B1
basis,B1
battery,B1
battle,B1
beauty,B1
bee,B1
belief,B1
bell,B1
bend,B1
benefit,B1
better,B1
bite,B1
block,B1
board,B1
bomb,B1
border,B1
bother,B1
branch,B1
brand,B1
brave,B1
breath,B1
breathe,B1
breathing,B1
bride,B1
bubble,B1
bury,B1
by,B1
calm,B1
campaign,B1
campus,B1
candidate,B1
cap,B1
captain,B1
careless,B1
category,B1
ceiling,B1
celebration,B1
central,B1
centre,B1
ceremony,B1
chain,B1
challenge,B1
champion,B1
channel,B1
chapter,B1
charge,B1
cheap,B1
cheat,B1
cheerful,B1
chemical,B1
chest,B1
childhood,B1
claim,B1
clause,B1
clear,B1
click,B1
client,B1
climb,B1
close,B1
cloth,B1
clue,B1
coach,B1
coal,B1
coin,B1
collection,B1
coloured,B1
combine,B1
comment,B1
commercial,B1
commit,B1
communication,B1
comparison,B1
competitor,B1
competitive,B1
complaint,B1
complex,B1
concentrate,B1
conclude,B1
conclusion,B1
confident,B1
confirm,B1
confuse,B1
confused,B1
connection,B1
consequence,B1
consist,B1
consume,B1
consumer,B1
contact,B1
container,B1
content,B1
continuous,B1
contrast,B1
convenient,B1
convince,B1
cool,B1
costume,B1
cottage,B1
cotton,B1
count,B1
countryside,B1
court,B1
cover,B1
covered,B1
cream,B1
criminal,B1
cruel,B1
cultural,B1
currency,B1
current,B1
currently,B1
curtain,B1
custom,B1
cut,B1
daily,B1
damage,B1
deal,B1
decade,B1
decorate,B1
deep,B1
define,B1
definite,B1
definition,B1
deliver,B1
departure,B1
despite,B1
destination,B1
determine,B1
determined,B1
development,B1
diagram,B1
diamond,B1
difficulty,B1
direct,B1
directly,B1
dirt,B1
disadvantage,B1
disappointed,B1
disappointing,B1
discount,B1
dislike,B1
divide,B1
documentary,B1
donate,B1
double,B1
doubt,B1
dressed,B1
drop,B1
drum,B1
drunk,B1
due,B1
dust,B1
duty,B1
earthquake,B1
eastern,B1
economic,B1
economy,B1
edge,B1
editor,B1
educate,B1
educated,B1
educational,B1
effective,B1
effectively,B1
effort,B1
election,B1
element,B1
embarrassed,B1
embarrassing,B1
emergency,B1
emotion,B1
employment,B1
empty,B1
encourage,B1
enemy,B1
engaged,B1
engineering,B1
entertain,B1
entertainment,B1
entrance,B1
entry,B1
environmental,B1
episode,B1
equal,B1
equally,B1
escape,B1
essential,B1
eventually,B1
examine,B1
except,B1
exchange,B1
excitement,B1
exhibition,B1
expand,B1
expected,B1
expedition,B1
experience,B1
experienced,B1
experiment,B1
explode,B1
explore,B1
explosion,B1
export,B1
extra,B1
face,B1
fairly,B1
familiar,B1
fancy,B1
far,B1
fascinating,B1
fashionable,B1
fasten,B1
favour,B1
fear,B1
feature,B1
fence,B1
fighting,B1
file,B1
financial,B1
fire,B1
fitness,B1
fixed,B1
flag,B1
flood,B1
flour,B1
flow,B1
fold,B1
folk,B1
following,B1
force,B1
forever,B1
frame,B1
freeze,B1
frequently,B1
friendship,B1
frighten,B1
frightened,B1
frightening,B1
frozen,B1
fry,B1
fuel,B1
function,B1
fur,B1
further,B1
garage,B1
gather,B1
generally,B1
generation,B1
generous,B1
gentle,B1
gentleman,B1
ghost,B1
giant,B1
glad,B1
global,B1
glove,B1
go,B1
goods,B1
grade,B1
graduate,B1
grain,B1
grateful,B1
growth,B1
guard,B1
guilty,B1
hand,B1
hang,B1
happiness,B1
hardly,B1
hate,B1
head,B1
headline,B1
heating,B1
heavily,B1
helicopter,B1
highlight,B1
highly,B1
hire,B1
historic,B1
historical,B1
honest,B1
horrible,B1
horror,B1
host,B1
hunt,B1
hurricane,B1
hurry,B1
identity,B1
ignore,B1
illegal,B1
imaginary,B1
immediate,B1
immigrant,B1
impact,B1
import,B1
importance,B1
impression,B1
impressive,B1
improvement,B1
incredibly,B1
indeed,B1
indicate,B1
indirect,B1
indoor,B1
indoors,B1
influence,B1
ingredient,B1
injure,B1
injured,B1
innocent,B1
intelligence,B1
intend,B1
intention,B1
invest,B1
investigate,B1
involved,B1
iron,B1
issue,B1
IT,B1
journal,B1
judge,B1
keen,B1
key,B1
keyboard,B1
kick,B1
killing,B1
kind,B1
kiss,B1
knock,B1
label,B1
laboratory,B1
lack,B1
latest,B1
lay,B1
layer,B1
lead,B1
leading,B1
leaf,B1
leather,B1
legal,B1
leisure,B1
length,B1
level,B1
lie,B1
like,B1
limit,B1
lip,B1
liquid,B1
literature,B1
live,B1
living,B1
local,B1
locate,B1
located,B1
location,B1
lonely,B1
loss,B1
luxury,B1
mad,B1
magic,B1
mainly,B1
mall,B1
management,B1
market,B1
marketing,B1
marriage,B1
meanwhile,B1
measure,B1
medium,B1
mental,B1
mention,B1
mess,B1
mild,B1
mine,B1
mix,B1
mixture,B1
mood,B1
move,B1
mud,B1
murder,B1
muscle,B1
musical,B1
mystery,B1
nail,B1
narrative,B1
nation,B1
native,B1
naturally,B1
necessarily,B1
need,B1
needle,B1
neighbourhood,B1
neither,B1
net,B1
next,B1
nor,B1
normal,B1
northern,B1
note,B1
now,B1
nuclear,B1
obvious,B1
obviously,B1
occasion,B1
occur,B1
odd,B1
official,B1
old-fashioned,B1
once,B1
operation,B1
organized,B1
organizer,B1
original,B1
originally,B1
ought,B1
ours,B1
outdoor,B1
outdoors,B1
pack,B1
package,B1
painful,B1
pale,B1
pan,B1
participate,B1
particularly,B1
pass,B1
passion,B1
path,B1
payment,B1
peaceful,B1
percentage,B1
perfectly,B1
performance,B1
personally,B1
persuade,B1
photographer,B1
photography,B1
pin,B1
pipe,B1
place,B1
planning,B1
pleasant,B1
pleasure,B1
plenty,B1
plot,B1
plus,B1
poem,B1
poet,B1
poetry,B1
point,B1
poison,B1
poisonous,B1
policy,B1
political,B1
politician,B1
politics,B1
port,B1
portrait,B1
possibly,B1
pot,B1
pour,B1
poverty,B1
powder,B1
powerful,B1
practical,B1
pray,B1
prayer,B1
prediction,B1
prepared,B1
presentation,B1
press,B1
pressure,B1
pretend,B1
previous,B1
previously,B1
priest,B1
primary,B1
prince,B1
princess,B1
printing,B1
prisoner,B1
private,B1
producer,B1
production,B1
profession,B1
profit,B1
program,B1
promote,B1
proper,B1
properly,B1
property,B1
protest,B1
proud,B1
prove,B1
pull,B1
punish,B1
punishment,B1
push,B1
qualification,B1
qualified,B1
qualify,B1
queue,B1
quit,B1
quotation,B1
quote,B1
race,B1
racing,B1
range,B1
rare,B1
rarely,B1
reaction,B1
reality,B1
receipt,B1
recommendation,B1
reference,B1
reflect,B1
regularly,B1
reject,B1
relate,B1
related,B1
relation,B1
relative,B1
relaxed,B1
relaxing,B1
release,B1
reliable,B1
religion,B1
religious,B1
remain,B1
remind,B1
remote,B1
rent,B1
repair,B1
repeat,B1
repeated,B1
represent,B1
request,B1
require,B1
reservation,B1
resource,B1
respect,B1
responsibility,B1
responsible,B1
result,B1
retire,B1
retired,B1
revise,B1
ring,B1
rise,B1
risk,B1
robot,B1
roll,B1
romantic,B1
rope,B1
rough,B1
row,B1
royal,B1
rugby,B1
rule,B1
safety,B1
sail,B1
sailor,B1
sample,B1
sand,B1
scan,B1
scientific,B1
script,B1
sculpture,B1
secondary,B1
security,B1
seed,B1
sensible,B1
separate,B1
seriously,B1
servant,B1
set,B1
set,B1
setting,B1
sex,B1
sexual,B1
shake,B1
share,B1
sharp,B1
shelf,B1
shell,B1
shift,B1
shine,B1
shiny,B1
shoot,B1
shy,B1
sight,B1
signal,B1
silent,B1
silly,B1
similarity,B1
similarly,B1
simply,B1
since,B1
sink,B1
slice,B1
slightly,B1
slow,B1
smart,B1
smooth,B1
software,B1
soil,B1
solid,B1
sort,B1
southern,B1
specifically,B1
spending,B1
spicy,B1
spirit,B1
spoken,B1
spot,B1
spread,B1
spring,B1
stadium,B1
staff,B1
standard,B1
state,B1
statistic,B1
statue,B1
stick,B1
stick,B1
still,B1
store,B1
stranger,B1
strength,B1
string,B1
strongly,B1
studio,B1
stuff,B1
substance,B1
successfully,B1
sudden,B1
suffer,B1
suit,B1
suitable,B1
summarize,B1
summary,B1
supply,B1
supporter,B1
surely,B1
surface,B1
survive,B1
swim,B1
switch,B1
symptom,B1
tail,B1
talent,B1
talented,B1
tape,B1
tax,B1
technical,B1
technique,B1
tend,B1
tent,B1
that,B1
theirs,B1
theme,B1
theory,B1
therefore,B1
this,B1
though,B1
throat,B1
throughout,B1
tight,B1
till,B1
tin,B1
tiny,B1
tip,B1
toe,B1
tongue,B1
total,B1
totally,B1
touch,B1
tour,B1
trade,B1
translate,B1
translation,B1
transport,B1
treat,B1
treatment,B1
trend,B1
trick,B1
truth,B1
tube,B1
type,B1
typically,B1
tyre,B1
ugly,B1
unable,B1
uncomfortable,B1
underwear,B1
unemployed,B1
unemployment,B1
unfair,B1
union,B1
unless,B1
unlike,B1
unlikely,B1
unnecessary,B1
unpleasant,B1
update,B1
upon,B1
upset,B1
used,B1
used,B1
valuable,B1
value,B1
various,B1
version,B1
victim,B1
view,B1
viewer,B1
violent,B1
volunteer,B1
vote,B1
warm,B1
warn,B1
warning,B1
waste,B1
water,B1
wave,B1
weapon,B1
weigh,B1
western,B1
whatever,B1
whenever,B1
whether,B1
while,B1
whole,B1
will,B1
win,B1
wing,B1
within,B1
wonder,B1
wool,B1
worldwide,B1
worry,B1
worse,B1
worst,B1
worth,B1
written,B1
wrong,B1
yard,B1
young,B1
youth,B1
absorb,B2
abstract,B2
accent,B2
accidentally,B2
accommodate,B2
accomplish,B2
accountant,B2
accuracy,B2
accurately,B2
acid,B2
activate,B2
addiction,B2
additionally,B2
adequate,B2
adequately,B2
adjust,B2
affordable,B2
agriculture,B2
AIDS,B2
alien,B2
alongside,B2
altogether,B2
ambulance,B2
amusing,B2
analyst,B2
ancestor,B2
animation,B2
annually,B2
anticipate,B2
anxiety,B2
apology,B2
applicant,B2
appropriately,B2
arrow,B2
artwork,B2
aside,B2
asset,B2
assign,B2
assistance,B2
assumption,B2
assure,B2
astonishing,B2
attachment,B2
auction,B2
audio,B2
automatic,B2
automatically,B2
awareness,B2
awkward,B2
badge,B2
balanced,B2
ballet,B2
balloon,B2
barely,B2
bargain,B2
basement,B2
basket,B2
bat,B2
beneficial,B2
beside,B2
besides,B2
bias,B2
bid,B2
biological,B2
blanket,B2
blow,B2
bold,B2
bombing,B2
booking,B2
boost,B2
bound,B2
brick,B2
briefly,B2
broadcaster,B2
broadly,B2
bug,B2
cabin,B2
canal,B2
candle,B2
carbon,B2
casual,B2
cave,B2
certainty,B2
certificate,B2
challenging,B2
championship,B2
charming,B2
chase,B2
cheek,B2
cheer,B2
choir,B2
chop,B2
circuit,B2
civilization,B2
clarify,B2
classify,B2
clerk,B2
cliff,B2
clinic,B2
clip,B2
coincidence,B2
collector,B2
colony,B2
colourful,B2
comic,B2
commander,B2
comparative,B2
completion,B2
compose,B2
composer,B2
compound,B2
comprehensive,B2
comprise,B2
compulsory,B2
concrete,B2
confess,B2
confusion,B2
consequently,B2
conservation,B2
considerable,B2
considerably,B2
consistently,B2
conspiracy,B2
consult,B2
consultant,B2
consumption,B2
controversial,B2
controversy,B2
convenience,B2
convention,B2
conventional,B2
convey,B2
convincing,B2
cope,B2
corporation,B2
corridor,B2
counter,B2
coverage,B2
crack,B2
craft,B2
creativity,B2
critically,B2
cruise,B2
cue,B2
curious,B2
curriculum,B2
cute,B2
dairy,B2
dare,B2
darkness,B2
database,B2
deadline,B2
deadly,B2
dealer,B2
deck,B2
defender,B2
delete,B2
democracy,B2
democratic,B2
demonstration,B2
depart,B2
dependent,B2
deposit,B2
depression,B2
derive,B2
desperately,B2
destruction,B2
determination,B2
devote,B2
differ,B2
disability,B2
disabled,B2
disagreement,B2
disappoint,B2
disappointment,B2
discourage,B2
disorder,B2
distant,B2
distinct,B2
distinguish,B2
distract,B2
disturb,B2
dive,B2
diverse,B2
diversity,B2
divorce,B2
dominant,B2
donation,B2
dot,B2
downtown,B2
dramatically,B2
drought,B2
dull,B2
dump,B2
duration,B2
dynamic,B2
economics,B2
economist,B2
editorial,B2
efficiently,B2
elbow,B2
electronics,B2
elegant,B2
elementary,B2
eliminate,B2
embrace,B2
emission,B2
emotionally,B2
empire,B2
enjoyable,B2
entertaining,B2
entrepreneur,B2
envelope,B2
equip,B2
equivalent,B2
era,B2
erupt,B2
essentially,B2
ethic,B2
ethnic,B2
evaluation,B2
evident,B2
evolution,B2
evolve,B2
exceed,B2
exception,B2
excessive,B2
exclude,B2
exhibit,B2
exit,B2
exotic,B2
expansion,B2
expertise,B2
exploit,B2
exposure,B2
extension,B2
extensive,B2
extensively,B2
extract,B2
fabric,B2
fabulous,B2
failed,B2
fake,B2
fame,B2
fantasy,B2
fare,B2
federal,B2
fever,B2
firefighter,B2
firework,B2
firm,B2
firmly,B2
flavour,B2
fond,B2
fool,B2
forbid,B2
forecast,B2
format,B2
formation,B2
formerly,B2
fortunate,B2
forum,B2
fossil,B2
foundation,B2
founder,B2
fraction,B2
fragment,B2
framework,B2
fraud,B2
freely,B2
frequent,B2
fulfil,B2
full-time,B2
fundamentally,B2
furious,B2
gaming,B2
gay,B2
gender,B2
gene,B2
genetic,B2
genius,B2
genuine,B2
genuinely,B2
gesture,B2
gig,B2
globalization,B2
globe,B2
golden,B2
goodness,B2
gorgeous,B2
governor,B2
graphic,B2
graphics,B2
greatly,B2
greenhouse,B2
grocery,B2
guideline,B2
habitat,B2
harbour,B2
headquarters,B2
heal,B2
healthcare,B2
helmet,B2
hence,B2
herb,B2
hidden,B2
highway,B2
hilarious,B2
hip,B2
historian,B2
homeless,B2
honesty,B2
hook,B2
hopefully,B2
hunger,B2
hypothesis,B2
icon,B2
ID,B2
identical,B2
illusion,B2
immigration,B2
immune,B2
implement,B2
implication,B2
incentive,B2
incorporate,B2
incorrect,B2
independence,B2
index,B2
indication,B2
inevitable,B2
inevitably,B2
infer,B2
inflation,B2
info,B2
infrastructure,B2
inhabitant,B2
inherit,B2
ink,B2
innovation,B2
innovative,B2
input,B2
insert,B2
inspector,B2
installation,B2
instant,B2
instantly,B2
integrate,B2
intellectual,B2
interact,B2
interaction,B2
interpretation,B2
interval,B2
invade,B2
invasion,B2
investor,B2
isolate,B2
isolated,B2
jail,B2
jet,B2
joint,B2
journalism,B2
jury,B2
kit,B2
ladder,B2
landing,B2
lane,B2
lately,B2
leaflet,B2
legend,B2
lens,B2
lifetime,B2
lighting,B2
likewise,B2
limitation,B2
literally,B2
literary,B2
litre,B2
litter,B2
logo,B2
lottery,B2
loyal,B2
lyric,B2
magnificent,B2
make-up,B2
making,B2
manufacture,B2
manufacturing,B2
marathon,B2
margin,B2
marker,B2
martial,B2
mate,B2
mayor,B2
mechanic,B2
mechanical,B2
mechanism,B2
medal,B2
medication,B2
membership,B2
memorable,B2
metaphor,B2
miner,B2
miserable,B2
mode,B2
modest,B2
monster,B2
monthly,B2
monument,B2
moreover,B2
mortgage,B2
mosque,B2
motion,B2
motivate,B2
motivation,B2
moving,B2
myth,B2
naked,B2
nasty,B2
navigation,B2
nearby,B2
necessity,B2
negotiate,B2
negotiation,B2
neutral,B2
newly,B2
norm,B2
notebook,B2
novelist,B2
nowadays,B2
nursing,B2
nutrition,B2
obesity,B2
observer,B2
obstacle,B2
occupation,B2
occupy,B2
offender,B2
ongoing,B2
openly,B2
opera,B2
operator,B2
optimistic,B2
orchestra,B2
organic,B2
outfit,B2
output,B2
outstanding,B2
overcome,B2
overnight,B2
overseas,B2
ownership,B2
oxygen,B2
packet,B2
palm,B2
panic,B2
parade,B2
parallel,B2
participation,B2
partnership,B2
part-time,B2
passionate,B2
password,B2
patience,B2
pause,B2
peer,B2
penalty,B2
perceive,B2
perception,B2
permanently,B2
pill,B2
pity,B2
placement,B2
portion,B2
potentially,B2
precede,B2
precious,B2
precise,B2
precisely,B2
predictable,B2
preference,B2
pride,B2
primarily,B2
principal,B2
prior,B2
probability,B2
probable,B2
proceed,B2
programming,B2
progressive,B2
prohibit,B2
promising,B2
promotion,B2
prompt,B2
proportion,B2
protein,B2
protester,B2
psychological,B2
publicity,B2
publishing,B2
punk,B2
purely,B2
pursuit,B2
puzzle,B2
questionnaire,B2
racial,B2
racism,B2
racist,B2
radiation,B2
rail,B2
random,B2
rat,B2
rating,B2
reasonably,B2
rebuild,B2
receiver,B2
recession,B2
reckon,B2
recognition,B2
recovery,B2
recruit,B2
recruitment,B2
referee,B2
refugee,B2
registration,B2
regulate,B2
reinforce,B2
relieve,B2
relieved,B2
remarkable,B2
remarkably,B2
reporting,B2
resign,B2
resolution,B2
restore,B2
restrict,B2
restriction,B2
retail,B2
retirement,B2
revenue,B2
revision,B2
ridiculous,B2
risky,B2
rival,B2
rob,B2
robbery,B2
rocket,B2
romance,B2
rose,B2
roughly,B2
ruin,B2
satisfaction,B2
scandal,B2
scare,B2
scenario,B2
scholar,B2
scholarship,B2
scratch,B2
screening,B2
seeker,B2
seminar,B2
settler,B2
severely,B2
sexy,B2
shaped,B2
shocking,B2
shore,B2
shortage,B2
shortly,B2
short-term,B2
sibling,B2
signature,B2
significance,B2
skilled,B2
skull,B2
slogan,B2
so-called,B2
somehow,B2
sometime,B2
sophisticated,B2
spare,B2
specialize,B2
specify,B2
spectacular,B2
spectator,B2
speculate,B2
speculation,B2
spice,B2
spill,B2
spite,B2
spoil,B2
spokesman,B2
spokesperson,B2
spokeswoman,B2
sponsorship,B2
sporting,B2
stall,B2
stance,B2
starve,B2
steadily,B2
steam,B2
stimulate,B2
strengthen,B2
strictly,B2
stroke,B2
stunning,B2
subsequent,B2
subsequently,B2
suburb,B2
suffering,B2
sufficient,B2
sufficiently,B2
super,B2
surgeon,B2
survival,B2
survivor,B2
suspend,B2
sustainable,B2
swallow,B2
sympathetic,B2
tackle,B2
tag,B2
tap,B2
technological,B2
teens,B2
temple,B2
temporarily,B2
tendency,B2
tension,B2
terminal,B2
terms,B2
terribly,B2
terrify,B2
territory,B2
terror,B2
terrorism,B2
terrorist,B2
testing,B2
textbook,B2
theft,B2
therapist,B2
thesis,B2
thorough,B2
thoroughly,B2
thumb,B2
timing,B2
tissue,B2
ton,B2
tonne,B2
tournament,B2
trace,B2
trading,B2
tragedy,B2
tragic,B2
trait,B2
transmit,B2
transportation,B2
trap,B2
treasure,B2
tribe,B2
trigger,B2
trillion,B2
number,B2
troop,B2
tsunami,B2
ultimate,B2
unacceptable,B2
uncertainty,B2
undergo,B2
undertake,B2
unfold,B2
unfortunate,B2
unite,B2
unity,B2
universal,B2
urgent,B2
usage,B2
useless,B2
valid,B2
variation,B2
vertical,B2
viewpoint,B2
visa,B2
visible,B2
voluntary,B2
voting,B2
wander,B2
warming,B2
weekly,B2
weird,B2
welfare,B2
wheat,B2
whoever,B2
widespread,B2
wisdom,B2
withdraw,B2
workforce,B2
workplace,B2
workshop,B2
worm,B2
wrist,B2
abolish,C1
abortion,C1
absence,C1
absent,C1
absurd,C1
abundance,C1
abuse,C1
academy,C1
accelerate,C1
acceptance,C1
accessible,C1
accomplishment,C1
accordance,C1
accordingly,C1
accountability,C1
accountable,C1
accumulate,C1
accumulation,C1
accusation,C1
accused,C1
acid,C1
acquisition,C1
acre,C1
activation,C1
activist,C1
acute,C1
adaptation,C1
adhere,C1
adjacent,C1
adjustment,C1
administer,C1
administrative,C1
administrator,C1
admission,C1
adolescent,C1
adoption,C1
adverse,C1
advocate,C1
aesthetic,C1
affection,C1
aftermath,C1
aggression,C1
agricultural,C1
aide,C1
albeit,C1
alert,C1
alien,C1
align,C1
alignment,C1
alike,C1
allegation,C1
allege,C1
allegedly,C1
alliance,C1
allocate,C1
allocation,C1
allowance,C1
ally,C1
aluminium,C1
amateur,C1
ambassador,C1
amend,C1
amendment,C1
amid,C1
analogy,C1
anchor,C1
angel,C1
anonymous,C1
apparatus,C1
appealing,C1
appetite,C1
applaud,C1
applicable,C1
appoint,C1
appreciation,C1
arbitrary,C1
architectural,C1
archive,C1
arena,C1
arguably,C1
arm,C1
array,C1
articulate,C1
ash,C1
aspiration,C1
aspire,C1
assassination,C1
assault,C1
assemble,C1
assembly,C1
assert,C1
assertion,C1
assurance,C1
asylum,C1
atrocity,C1
attain,C1
attendance,C1
attorney,C1
attribute,C1
audit,C1
authentic,C1
authorize,C1
auto,C1
autonomy,C1
availability,C1
await,C1
backdrop,C1
backing,C1
backup,C1
bail,C1
ballot,C1
banner,C1
bare,C1
barrel,C1
bass,C1
bat,C1
battlefield,C1
bay,C1
beam,C1
beast,C1
behalf,C1
beloved,C1
bench,C1
benchmark,C1
beneath,C1
beneficiary,C1
betray,C1
bind,C1
biography,C1
bishop,C1
bizarre,C1
blade,C1
blast,C1
bleed,C1
blend,C1
bless,C1
blessing,C1
boast,C1
bonus,C1
boom,C1
bounce,C1
boundary,C1
bow,C1
breach,C1
breakdown,C1
breakthrough,C1
breed,C1
broadband,C1
browser,C1
brutal,C1
buck,C1
buddy,C1
buffer,C1
bulk,C1
burden,C1
bureaucracy,C1
burial,C1
burst,C1
cabinet,C1
calculation,C1
canvas,C1
capability,C1
capitalism,C1
capitalist,C1
cargo,C1
carriage,C1
carve,C1
casino,C1
casualty,C1
catalogue,C1
cater,C1
cattle,C1
caution,C1
cautious,C1
cease,C1
cemetery,C1
chamber,C1
chaos,C1
characterize,C1
charm,C1
charter,C1
chronic,C1
chunk,C1
circulate,C1
circulation,C1
citizenship,C1
civic,C1
civilian,C1
clarity,C1
clash,C1
classification,C1
cling,C1
clinical,C1
closure,C1
cluster,C1
coalition,C1
coastal,C1
cocktail,C1
cognitive,C1
coincide,C1
collaborate,C1
collaboration,C1
collective,C1
collision,C1
colonial,C1
columnist,C1
combat,C1
commence,C1
commentary,C1
commentator,C1
commerce,C1
commissioner,C1
commodity,C1
communist,C1
companion,C1
comparable,C1
compassion,C1
compel,C1
compelling,C1
compensate,C1
compensation,C1
competence,C1
competent,C1
compile,C1
complement,C1
complexity,C1
compliance,C1
complication,C1
comply,C1
composition,C1
compromise,C1
compute,C1
conceal,C1
concede,C1
conceive,C1
conception,C1
concession,C1
condemn,C1
confer,C1
confession,C1
configuration,C1
confine,C1
confirmation,C1
confront,C1
confrontation,C1
congratulate,C1
congregation,C1
congressional,C1
conquer,C1
conscience,C1
consciousness,C1
consecutive,C1
consensus,C1
consent,C1
conserve,C1
consistency,C1
consolidate,C1
constituency,C1
constitute,C1
constitution,C1
constitutional,C1
constraint,C1
consultation,C1
contemplate,C1
contempt,C1
contend,C1
contender,C1
content,C1
contention,C1
continually,C1
contractor,C1
contradiction,C1
contrary,C1
contributor,C1
conversion,C1
convict,C1
conviction,C1
cooperate,C1
cooperative,C1
coordinate,C1
coordination,C1
coordinator,C1
cop,C1
copper,C1
copyright,C1
correction,C1
correlate,C1
correlation,C1
correspond,C1
correspondence,C1
correspondent,C1
corresponding,C1
corrupt,C1
corruption,C1
costly,C1
councillor,C1
counselling,C1
counsellor,C1
counter,C1
counterpart,C1
countless,C1
coup,C1
courtesy,C1
craft,C1
crawl,C1
creator,C1
credibility,C1
credible,C1
creep,C1
critique,C1
crown,C1
crude,C1
crush,C1
crystal,C1
cult,C1
cultivate,C1
curiosity,C1
custody,C1
cutting,C1
cynical,C1
dam,C1
damaging,C1
dawn,C1
debris,C1
debut,C1
decision-making,C1
decisive,C1
declaration,C1
dedicated,C1
dedication,C1
deed,C1
deem,C1
default,C1
defect,C1
defensive,C1
deficiency,C1
deficit,C1
defy,C1
delegate,C1
delegation,C1
delicate,C1
demon,C1
denial,C1
denounce,C1
dense,C1
density,C1
dependence,C1
depict,C1
deploy,C1
deployment,C1
deposit,C1
deprive,C1
deputy,C1
descend,C1
descent,C1
designate,C1
desirable,C1
desktop,C1
destructive,C1
detain,C1
detection,C1
detention,C1
deteriorate,C1
devastate,C1
devil,C1
devise,C1
diagnose,C1
diagnosis,C1
dictate,C1
dictator,C1
differentiate,C1
dignity,C1
dilemma,C1
dimension,C1
©,C1
diminish,C1
dip,C1
diplomat,C1
diplomatic,C1
directory,C1
disastrous,C1
discard,C1
discharge,C1
disclose,C1
disclosure,C1
discourse,C1
discretion,C1
discrimination,C1
dismissal,C1
displace,C1
disposal,C1
dispose,C1
dispute,C1
disrupt,C1
disruption,C1
dissolve,C1
distinction,C1
distinctive,C1
distort,C1
distress,C1
disturbing,C1
divert,C1
divine,C1
doctrine,C1
documentation,C1
domain,C1
dominance,C1
donor,C1
dose,C1
drain,C1
drift,C1
driving,C1
drown,C1
dual,C1
dub,C1
dumb,C1
duo,C1
dynamic,C1
eager,C1
earnings,C1
ease,C1
echo,C1
ecological,C1
educator,C1
effectiveness,C1
efficiency,C1
ego,C1
elaborate,C1
electoral,C1
elevate,C1
eligible,C1
elite,C1
embark,C1
embarrassment,C1
embassy,C1
embed,C1
embody,C1
emergence,C1
empirical,C1
empower,C1
enact,C1
encompass,C1
encouragement,C1
encouraging,C1
endeavour,C1
endless,C1
endorse,C1
endorsement,C1
endure,C1
enforce,C1
enforcement,C1
engagement,C1
engaging,C1
enquire,C1
enrich,C1
enrol,C1
ensue,C1
enterprise,C1
enthusiast,C1
entitle,C1
entity,C1
epidemic,C1
equality,C1
equation,C1
erect,C1
escalate,C1
essence,C1
establishment,C1
eternal,C1
evacuate,C1
evoke,C1
evolutionary,C1
exaggerate,C1
excellence,C1
exceptional,C1
excess,C1
exclusion,C1
exclusive,C1
exclusively,C1
execute,C1
execution,C1
exert,C1
exile,C1
exit,C1
expenditure,C1
experimental,C1
expire,C1
explicit,C1
explicitly,C1
exploitation,C1
explosive,C1
extract,C1
extremist,C1
facilitate,C1
faction,C1
faculty,C1
fade,C1
fairness,C1
fatal,C1
fate,C1
favourable,C1
feat,C1
feminist,C1
fibre,C1
fierce,C1
film-maker,C1
filter,C1
fine,C1
firearm,C1
fit,C1
fixture,C1
flaw,C1
flawed,C1
flee,C1
fleet,C1
flesh,C1
flexibility,C1
flourish,C1
fluid,C1
footage,C1
foreigner,C1
forge,C1
formula,C1
formulate,C1
forth,C1
forthcoming,C1
foster,C1
fragile,C1
franchise,C1
frankly,C1
frustrated,C1
frustrating,C1
frustration,C1
functional,C1
fundraising,C1
funeral,C1
gallon,C1
gambling,C1
gathering,C1
gaze,C1
gear,C1
generic,C1
genocide,C1
glance,C1
glimpse,C1
glorious,C1
glory,C1
governance,C1
grace,C1
grasp,C1
grave,C1
grave,C1
gravity,C1
grid,C1
grief,C1
grin,C1
grind,C1
grip,C1
gross,C1
guerrilla,C1
guidance,C1
guilt,C1
gut,C1
hail,C1
halfway,C1
halt,C1
handful,C1
handling,C1
handy,C1
harassment,C1
hardware,C1
harmony,C1
harsh,C1
harvest,C1
hatred,C1
haunt,C1
hazard,C1
heighten,C1
heritage,C1
hierarchy,C1
high-profile,C1
hint,C1
homeland,C1
hook,C1
hopeful,C1
horizon,C1
horn,C1
hostage,C1
hostile,C1
hostility,C1
humanitarian,C1
humanity,C1
humble,C1
hydrogen,C1
identification,C1
ideological,C1
ideology,C1
idiot,C1
ignorance,C1
imagery,C1
immense,C1
imminent,C1
implementation,C1
imprison,C1
imprisonment,C1
inability,C1
inadequate,C1
inappropriate,C1
incidence,C1
inclined,C1
inclusion,C1
incur,C1
indicator,C1
indictment,C1
indigenous,C1
induce,C1
indulge,C1
inequality,C1
infamous,C1
infant,C1
infect,C1
inflict,C1
influential,C1
inherent,C1
inhibit,C1
initiate,C1
inject,C1
injection,C1
injustice,C1
inmate,C1
insertion,C1
insider,C1
inspect,C1
inspection,C1
inspiration,C1
instinct,C1
institutional,C1
instruct,C1
instrumental,C1
insufficient,C1
insult,C1
intact,C1
intake,C1
integral,C1
integrated,C1
integration,C1
integrity,C1
intellectual,C1
intensify,C1
intensity,C1
intensive,C1
intent,C1
interactive,C1
interface,C1
interfere,C1
interference,C1
interim,C1
interior,C1
intermediate,C1
intervene,C1
intervention,C1
intimate,C1
intriguing,C1
investigator,C1
invisible,C1
invoke,C1
involvement,C1
ironic,C1
ironically,C1
irony,C1
irrelevant,C1
isolation,C1
judicial,C1
junction,C1
jurisdiction,C1
just,C1
justification,C1
kidnap,C1
kidney,C1
kingdom,C1
lad,C1
landlord,C1
landmark,C1
lap,C1
large-scale,C1
laser,C1
latter,C1
lawn,C1
lawsuit,C1
layout,C1
leak,C1
leap,C1
legacy,C1
legendary,C1
legislation,C1
legislative,C1
legislature,C1
legitimate,C1
lengthy,C1
lesbian,C1
lesser,C1
lethal,C1
liable,C1
liberal,C1
liberation,C1
liberty,C1
license,C1
lifelong,C1
likelihood,C1
limb,C1
linear,C1
line-up,C1
linger,C1
listing,C1
literacy,C1
liver,C1
lobby,C1
log,C1
logic,C1
long-standing,C1
long-time,C1
loom,C1
loop,C1
loyalty,C1
machinery,C1
magical,C1
magistrate,C1
magnetic,C1
magnitude,C1
mainland,C1
mainstream,C1
maintenance,C1
mandate,C1
mandatory,C1
manifest,C1
manipulate,C1
manipulation,C1
manuscript,C1
march,C1
marginal,C1
marine,C1
marketplace,C1
mask,C1
massacre,C1
mathematical,C1
mature,C1
maximize,C1
meaningful,C1
meantime,C1
medieval,C1
meditation,C1
melody,C1
memo,C1
memoir,C1
memorial,C1
mentor,C1
merchant,C1
mercy,C1
mere,C1
merely,C1
merge,C1
merger,C1
merit,C1
methodology,C1
midst,C1
migration,C1
militant,C1
militia,C1
mill,C1
minimal,C1
minimize,C1
mining,C1
ministry,C1
minute,C1
miracle,C1
misery,C1
misleading,C1
missile,C1
mob,C1
mobility,C1
mobilize,C1
moderate,C1
modification,C1
momentum,C1
monk,C1
monopoly,C1
morality,C1
motive,C1
motorist,C1
municipal,C1
mutual,C1
namely,C1
nationwide,C1
naval,C1
neglect,C1
neighbouring,C1
nest,C1
net,C1
newsletter,C1
niche,C1
noble,C1
nod,C1
nominate,C1
nomination,C1
nominee,C1
nonetheless,C1
non-profit,C1
nonsense,C1
noon,C1
notable,C1
notably,C1
notify,C1
notorious,C1
novel,C1
nursery,C1
objection,C1
oblige,C1
obsess,C1
obsession,C1
occasional,C1
occurrence,C1
odds,C1
offering,C1
offspring,C1
operational,C1
opt,C1
optical,C1
optimism,C1
oral,C1
organizational,C1
orientation,C1
originate,C1
outbreak,C1
outing,C1
outlet,C1
outlook,C1
outrage,C1
outsider,C1
overlook,C1
overly,C1
oversee,C1
overturn,C1
overwhelm,C1
overwhelming,C1
pad,C1
parameter,C1
parental,C1
parish,C1
parliamentary,C1
partial,C1
partially,C1
passing,C1
passive,C1
pastor,C1
patch,C1
patent,C1
pathway,C1
patrol,C1
patron,C1
peak,C1
peasant,C1
peculiar,C1
persist,C1
persistent,C1
personnel,C1
petition,C1
philosopher,C1
philosophical,C1
physician,C1
pioneer,C1
pipeline,C1
pirate,C1
pit,C1
plea,C1
plead,C1
pledge,C1
plug,C1
plunge,C1
pole,C1
poll,C1
pond,C1
pop,C1
portfolio,C1
portray,C1
postpone,C1
post-war,C1
practitioner,C1
preach,C1
precedent,C1
precision,C1
predator,C1
predecessor,C1
predominantly,C1
pregnancy,C1
prejudice,C1
preliminary,C1
premier,C1
premise,C1
premium,C1
prescribe,C1
prescription,C1
presently,C1
preservation,C1
preside,C1
presidency,C1
presidential,C1
prestigious,C1
presumably,C1
presume,C1
prevail,C1
prevalence,C1
prevention,C1
prey,C1
principal,C1
privatization,C1
privilege,C1
probe,C1
problematic,C1
proceedings,C1
proceeds,C1
processing,C1
processor,C1
proclaim,C1
productive,C1
productivity,C1
profitable,C1
profound,C1
projection,C1
prominent,C1
pronounced,C1
propaganda,C1
proposition,C1
prosecute,C1
prosecution,C1
prosecutor,C1
©,C1
prospective,C1
prosperity,C1
protective,C1
protocol,C1
province,C1
provincial,C1
provision,C1
provoke,C1
psychiatric,C1
pulse,C1
pump,C1
punch,C1
query,C1
quest,C1
quota,C1
radar,C1
radical,C1
rage,C1
raid,C1
rally,C1
ranking,C1
rape,C1
ratio,C1
rational,C1
ray,C1
readily,C1
realization,C1
realm,C1
rear,C1
reasoning,C1
reassure,C1
rebel,C1
rebellion,C1
recipient,C1
reconstruction,C1
recount,C1
referendum,C1
reflection,C1
reform,C1
refuge,C1
refusal,C1
regain,C1
regardless,C1
regime,C1
regulator,C1
regulatory,C1
rehabilitation,C1
reign,C1
rejection,C1
relevance,C1
reliability,C1
reluctant,C1
remainder,C1
remains,C1
remedy,C1
reminder,C1
removal,C1
render,C1
renew,C1
renowned,C1
rental,C1
replacement,C1
reportedly,C1
representation,C1
reproduce,C1
reproduction,C1
republic,C1
resemble,C1
reside,C1
residence,C1
residential,C1
residue,C1
resignation,C1
resistance,C1
respective,C1
respectively,C1
restoration,C1
restraint,C1
resume,C1
retreat,C1
retrieve,C1
revelation,C1
revenge,C1
reverse,C1
revival,C1
revive,C1
revolutionary,C1
rhetoric,C1
rifle,C1
riot,C1
rip,C1
ritual,C1
robust,C1
rock,C1
rod,C1
rotate,C1
rotation,C1
ruling,C1
rumour,C1
sack,C1
sacred,C1
sacrifice,C1
saint,C1
sake,C1
sanction,C1
say,C1
scattered,C1
sceptical,C1
scope,C1
screw,C1
scrutiny,C1
seal,C1
secular,C1
seemingly,C1
segment,C1
seize,C1
seldom,C1
selective,C1
senator,C1
sensation,C1
sensitivity,C1
sentiment,C1
separation,C1
serial,C1
settlement,C1
set-up,C1
sexuality,C1
shareholder,C1
shatter,C1
shed,C1
sheer,C1
shipping,C1
shoot,C1
shrink,C1
shrug,C1
sigh,C1
simulate,C1
simulation,C1
simultaneously,C1
sin,C1
situated,C1
sketch,C1
skip,C1
slam,C1
slap,C1
slash,C1
slavery,C1
slot,C1
smash,C1
snap,C1
soak,C1
soar,C1
socialist,C1
sole,C1
solely,C1
solicitor,C1
solidarity,C1
solo,C1
sound,C1
sovereignty,C1
spam,C1
span,C1
spare,C1
spark,C1
specialized,C1
specification,C1
specimen,C1
spectacle,C1
spectrum,C1
spell,C1
sphere,C1
spin,C1
spine,C1
spotlight,C1
spouse,C1
spy,C1
squad,C1
squeeze,C1
stab,C1
stability,C1
stabilize,C1
stake,C1
standing,C1
stark,C1
statistical,C1
steer,C1
stem,C1
stereotype,C1
stimulus,C1
stir,C1
storage,C1
straightforward,C1
strain,C1
strand,C1
strategic,C1
striking,C1
strip,C1
strip,C1
strive,C1
structural,C1
stumble,C1
stun,C1
submission,C1
subscriber,C1
subscription,C1
subsidy,C1
substantial,C1
substantially,C1
substitute,C1
substitution,C1
subtle,C1
suburban,C1
succession,C1
successive,C1
successor,C1
suck,C1
sue,C1
suicide,C1
suite,C1
summit,C1
superb,C1
superior,C1
supervise,C1
supervision,C1
supervisor,C1
supplement,C1
supportive,C1
supposedly,C1
suppress,C1
supreme,C1
surge,C1
surgical,C1
surplus,C1
surrender,C1
surveillance,C1
suspension,C1
suspicion,C1
suspicious,C1
sustain,C1
swing,C1
sword,C1
symbolic,C1
syndrome,C1
synthesis,C1
systematic,C1
tackle,C1
tactic,C1
tactical,C1
taxpayer,C1
tempt,C1
tenant,C1
tender,C1
tenure,C1
terminal,C1
terminate,C1
terrain,C1
terrific,C1
testify,C1
testimony,C1
texture,C1
thankfully,C1
theatrical,C1
theology,C1
theoretical,C1
thereafter,C1
thereby,C1
thoughtful,C1
thought-provoking,C1
thread,C1
threshold,C1
thrilled,C1
thrive,C1
tide,C1
tighten,C1
timber,C1
timely,C1
tobacco,C1
tolerance,C1
tolerate,C1
toll,C1
top,C1
torture,C1
toss,C1
total,C1
toxic,C1
trace,C1
trademark,C1
trail,C1
trailer,C1
transaction,C1
transcript,C1
transformation,C1
transit,C1
transmission,C1
transparency,C1
transparent,C1
trauma,C1
treaty,C1
tremendous,C1
tribal,C1
tribunal,C1
tribute,C1
trigger,C1
trio,C1
triumph,C1
trophy,C1
troubled,C1
trustee,C1
tuition,C1
turnout,C1
turnover,C1
twist,C1
undergraduate,C1
underlying,C1
undermine,C1
undoubtedly,C1
unify,C1
unprecedented,C1
unveil,C1
upcoming,C1
upgrade,C1
uphold,C1
utility,C1
utilize,C1
utterly,C1
vacuum,C1
vague,C1
validity,C1
vanish,C1
variable,C1
varied,C1
vein,C1
venture,C1
verbal,C1
verdict,C1
verify,C1
verse,C1
versus,C1
vessel,C1
veteran,C1
viable,C1
vibrant,C1
vice,C1
vicious,C1
villager,C1
violate,C1
violation,C1
virtue,C1
vocal,C1
vow,C1
vulnerability,C1
vulnerable,C1
ward,C1
warehouse,C1
warfare,C1
warrant,C1
warrior,C1
weaken,C1
weave,C1
weed,C1
well,C1
well-being,C1
whatsoever,C1
whereby,C1
whilst,C1
whip,C1
wholly,C1
widen,C1
widow,C1
width,C1
willingness,C1
wipe,C1
wit,C1
withdrawal,C1
workout,C1
worship,C1
worthwhile,C1
worthy,C1
yell,C1
yield,C1
youngster,C1
